first_name,last_name
Lexine,Wagerfield
Storm,Gianneschi
Thedrick,Scotland
Anatole,Haxley
Talya,Causby
Abdul,Kenna
Brianne,Cano
Salvador,Burnup
Sawyer,Ornils
Uri,Blacktin
Ulrica,Hartlebury
Galina,Sherrott
Barb,Burnell
Trevar,Cogman
Beulah,Sterling
Wyatan,Scrancher
Gavan,Neale
Heidie,Bearne
Norina,Tiddeman
Raquela,Andrat
Darn,Norman
Rowland,Thompson
Trev,Brimham
Danny,McKendry
Mohammed,Lambrecht
Devora,Ben-Aharon
Jess,Oaten
Bronson,Foux
Helge,Scaplehorn
Jobye,Knivett
Patrick,cornhill
Darcey,Walklett
Keary,Starie
Gualterio,Stanex
Sephira,Kettell
Teodor,Garioch
Ailee,Karys
Chris,Houtby
Fredelia,Parlor
Tully,Reide
Dominik,Loftie
Lydie,Orth
Pascale,Livesley
Robinette,Renac
Urbain,Pattinson
Catharina,Shevell
Alyson,Middlewick
Edlin,Burrage
Cathlene,Cousins
Ella,Venour
Ashley,Carl
Maison,Mallon
Edvard,Callacher
Denni,Kaspar
Vi,Sullens
Magdalene,Frowing
Ann-marie,Tomasino
Arty,Risely
Laraine,Clausson
Antonius,Casaroli
Kimberli,Boutell
Prue,Adamov
Jarred,Skule
Delores,Jancy
Jyoti,Tritten
Clovis,Barthram
Dewey,MacAscaidh
Anabel,Janusz
Jake,OIlier
Lucais,Jakubczyk
Astra,Chern
Artair,MacGhee
Ruthy,Coleyshaw
Reagan,Titmuss
Bartolomeo,Ashness
Jasper,Emmott
Erik,Madison
Beverley,Roseborough
Portia,McCalister
Valina,Lewson
Daune,Rappoport
Chrystel,McCroft
Barbee,Kleinhausen
Babette,Juan
Trisha,Hentzeler
Wilhelm,Brockest
Lindy,Richold
Lesly,Main
Dreddy,Kopisch
Worth,Shilito
Hansiain,Scorton
Nero,Billson
Walther,Hughill
Suzi,Tett
Randell,Moxham
Codi,Keddey
Kary,Cant
Kiel,Anthill
Winfield,Yuryaev
Evelin,Hessle
Kalila,Chapell
Aggie,Petre
Otho,Dingle
Maggie,Pachmann
Berky,LAbbet
Cody,Cock
Annabela,Lorraway
Sidonnie,Papis
Marilyn,Goldthorpe
Son,Curro
Arvie,Pullar
Ronnica,Howe
Hartley,Wallen
Addie,Sibille
Sherman,Ascrofte
Ced,Varndall
Jean,Faltin
Eugenie,McConachie
Bronnie,Blandamore
Addy,Pinchback
Bella,Peotz
Parry,Edlyne
Lilah,Jime
Issie,Joret
Letta,Kiernan
Gerhard,Merrgen
Sherwin,Cluitt
Erina,Gauler
Neils,Quigley
Veradis,Eynaud
Norene,Oldcote
Vonnie,Stannah
Karalynn,Anlay
Bobinette,Woolf
Rachel,Gravet
Vladimir,Greystock
Jojo,Brimelow
Gunilla,Udale
Vonny,Brickell
William,Yeabsley
Forrest,Smolan
Modesty,Marquet
Dyan,Spraggs
Javier,Ashwell
Dame,Ravel
Andrej,Gennerich
Chelsey,Flaherty
Leela,Grimston
Zorah,Organer
Mala,Massen
Patty,Huge
Arly,Lancley
Guglielma,Nissle
Elise,Vezey
Gary,Gabriely
Horatio,Tomkin
Tiffani,Isard
Colene,Forbear
Rivalee,Swanston
Brittney,MacKenzie
Stillmann,Tunbridge
Libby,Shuttle
Georgianne,Langdon
Glynis,Defrain
Karlee,Prinnett
Bond,Dawtry
Margaux,Bartholomew
Alida,Togwell
Prisca,Boken
Rhoda,Bannerman
Mandel,Lum
Lenette,Jansky
Deeann,Breckin
Leigh,Livett
Cyndie,Lockyer
Washington,Gaughan
Daryn,Casiroli
Nanci,Meade
Dynah,Rigts
Ginny,Robic
Massimo,Giacobillo
Sutherland,Yurivtsev
Aloisia,Aulton
Farica,Mushet
Isiahi,Wellstood
Annemarie,Mustchin
Pauli,Stowe
Renae,Newbatt
Dulcea,Hicks
Sheff,Armin
Pattin,Billitteri
Patrice,Yetton
Larine,Pagnin
Skip,Kimpton
Lonnie,Bucklan
Marcus,Wood
Eugene,Davenall
Haslett,Stealfox
Benn,Butterley
Milzie,Sherme
Antonietta,Pighills
Ashton,Rishbrook
Kip,Kemsley
Frederigo,Amberger
Jorry,Clopton
Faulkner,Rucklesse
Giuseppe,Sisneros
Zsazsa,Guisler
Percy,Nordass
Garrard,Goodhall
Haley,Pallent
Maurie,Bernhart
Jayson,Churn
Letti,Vasyatkin
Gert,Oxburgh
Willetta,Denyakin
Mac,Saunt
Vladimir,Bello
Heida,Clail
Penny,Kenrick
Timmie,McAdam
Lemmy,Augar
Tabitha,Bale
Gualterio,Bounde
Emmy,McCaughran
Nicole,McCambridge
Alisha,Skelhorn
Alister,Garner
Ker,Lenahan
Emelen,Trenchard
Putnem,Plows
Kyrstin,Napthine
Rae,Gong
Artemus,Backes
Lennie,Crome
Glennis,Eyton
Zaneta,Rothert
Druci,Danit
Reider,Palle
Clari,Durtnell
Aileen,Pavluk
Jaquelyn,Leopard
Geneva,Verbeek
Helge,Dunmore
Catherin,Trussler
Vivien,Benitti
Verne,Garfitt
Kerr,Freshwater
Fidelio,Sifflett
Orelie,Chadbourne
Hayward,Edinburgh
Chloette,Axtonne
Stormy,Gilardoni
Nealy,De La Salle
Roselle,Waleworke
Karyl,McCarrison
Rock,Beedon
Priscella,Saville
Iggie,D'Andrea
Langsdon,Lissimore
Vladamir,Van Niekerk
Leoline,Stockell
Hillary,Paoletti
Tine,Degnen
Danni,Roddam
Sydel,Dickings
Hetti,Wyett
Colly,Coldwell
Charmaine,Tonna
Antonino,Lupson
Genevieve,Braidley
Terrell,Fairholm
Clay,Elks
Ambrosi,Hatcliffe
Morse,Iredale
Knox,Goodbourn
Alyse,Thouless
Orran,Elener
Sydney,Engeham
Burnard,Giraudy
Vick,Dagger
Cheri,Maryan
Daron,Swindells
Hailey,Evangelinos
Rayshell,Dimock
Kaylyn,Kunzel
Godfry,Calbreath
Ame,Jillett
Tulley,Philippeaux
Shelby,Strafford
Larina,Geraghty
Charlena,Chidzoy
Eleonore,Bour
Madella,Dyball
Roldan,Fihelly
Redford,Jinkinson
Culley,Farrans
Adria,Duiged
Herminia,Warren
Almire,Matchett
Mame,Manon
Lilli,Vaillant
Horst,Marchington
Karoly,Dear
Ginger,Lambard
Tabor,Saffer
Nissie,Cranch
Hansiain,Simyson
Sara,Babbs
Gabie,Dottrell
Jennie,Insall
Oralle,O'Glassane
Lonny,Crosskill
Alicia,Northcott
Maible,Avrahamof
Nicolas,Hardway
Fredek,Timmermann
Ferrell,Izacenko
Cordey,Casaro
Bryn,Richard
Agosto,Clemencet
Rudolf,Frodsham
Arluene,Kloser
Benedikta,Redihough
Elbertine,Cassells
Quintilla,Vedekhov
Keven,Collison
Arlee,Rosini
Eldredge,Munkley
Erick,Pesic
Rhianon,Banthorpe
Amanda,Simonel
Melinda,Kesley
Karita,Swarbrigg
Thibaut,Giamuzzo
Maximilian,Magner
Rhett,Ashborn
Muire,Westrip
Silvano,Ferrand
August,Swanton
Towney,Beverstock
Kellen,Gregson
Tuck,Tallis
Alic,Delea
Darsey,Rodwell
Elladine,Breewood
Rik,Brunner
Gwen,Beakes
Leighton,Mibourne
Cordelie,Newby
Pen,Longfoot
Osmund,Zmitrovich
Bambie,Ubee
Bendick,Jensen
Stacey,Hoble
Rudolfo,Williamson
Darin,Stedman
Valentin,Capron
Renata,MacElroy
Scott,Cogley
Nilson,Kiddye
Daryle,Domenge
Marianna,Findon
Goldie,McKennan
Chelsy,Gutman
Kailey,Ivanyushin
Lena,Dallaghan
Darcey,Stables
Leta,Pinn
Randolf,Goodlife
Harold,Goscar
Micah,Faraker
Hunt,Sagar
Naomi,Argue
Micheal,Yesinov
Conn,Shillabear
Derron,Olpin
Sandie,Moyser
Neila,Disney
Lee,Belsey
Erinn,Mossom
Leonora,Bunney
Thurstan,Skipworth
Tedmund,Horlick
Hurleigh,Ramsbottom
Urbain,Shapland
Alayne,Abramovitch
Wilbert,Robertshaw
Patric,Tomei
Elaine,Traher
Stefan,Hilldrop
Rosemarie,O'Dowgaine
Lucius,Barber
Giavani,Ziem
Salomon,Thomsen
Katya,Hannant
Mickie,Kenan
Clementia,Edward
Kendra,Folcarelli
Merrel,Mealiffe
Marga,Pauluzzi
Dian,Millican
Debbi,Hopkynson
Mel,Blowers
Morgan,Chasemore
Sonia,Wilmot
Barnabe,Lappin
Shaun,Eggerton
Johannes,Kyle
Kylie,Atwool
Micky,Youngman
Darda,Whistlecroft
Britta,Cirlos
Suzy,Ricciardello
Roseline,Mellers
Charlean,Attawell
Sammie,Sessuns
Didi,Borge
Ruth,Worrell
Fredrika,Mingauld
Amargo,Pilley
Carmina,Pesic
Fred,Libri
Cyrill,Eskriet
Chet,McGurk
Jeth,Beveredge
Florrie,Christopherson
Ali,Donneely
Asia,Artz
Merle,Queree
Marinna,Uzzell
Wayne,Heugh
Quent,Spillane
Mischa,Goodbar
Cathrine,Gniewosz
Abbott,McChesney
Norene,Fotheringham
Glennie,MacCook
Freda,Tenman
Randene,Cahill
Oneida,Loos
Chen,Veale
Sybyl,Dwelley
Miran,Wonfar
Drake,Meriet
Prisca,Mabbitt
Bertine,Tibb
Uri,Fenne
Syd,Eunson
Royall,Hatherley
Dal,Bubb
Shelley,Kearsley
Florry,Aleshintsev
Alden,Ragate
Beret,Turnell
Tracy,Crighton
Burlie,Bourdice
Yorgos,Low
Wilden,Blew
Tyrus,Endean
Marylee,Polk
Tarrah,Simmons
Newton,Drews
Sallyann,Hubane
Jobie,Hatterslay
Ravid,Frohock
Iolanthe,Vanderplas
Jessica,Beane
Jessamyn,Lavin
Jacquelynn,Evreux
Dael,Litster
Alvina,Sackey
Denney,Paschke
Waring,Fidele
Tony,Wither
Letisha,Connelly
Isabeau,Winward
Lucky,Illesley
William,Orleton
Xever,Skillington
Garey,Willoughby
Luce,Sibbson
Julee,Baynes
Viviana,Dabbes
Maxie,Hortop
Urbano,Welfair
Marielle,Houten
Brunhilda,Schubuser
Pearl,Crean
Cammi,Legister
Ariela,Scholz
Karina,Younghusband
Vittorio,Olennikov
Livy,Press
Gail,Mcsarry
Lind,Nesterov
Adamo,Rayson
Gardner,Callingham
Yul,Merali
Melania,Kroon
Lacie,Waind
Elvin,Gaitskill
Georgie,Charon
La verne,Pound
Cynthie,Filipychev
Dynah,Samett
Malachi,Litchfield
Jobi,Dilkes
Robb,Hammand
Freeland,Haw
Marti,Leere
Grantham,Pritchitt
Sterling,Weddell
Patric,Preon
Granthem,Haseley
Tanitansy,O'Nion
Bartram,Vagges
Llewellyn,Gabala
Cass,Roadnight
Blythe,Badwick
Gamaliel,Ionesco
Tandie,Waddingham
Anselma,Ramas
Marcile,Meese
Niki,Casarini
Rod,Hardwidge
Janaya,Lea
Mal,Wadeling
Kerr,Turbitt
Ansel,Allenson
Violetta,Stutte
Abey,Cheeke
Zarah,Bean
Shelby,Rasp
Kerwin,Arboine
Maynord,Pettipher
Sheena,Tease
Gustavo,Feldhorn
Catha,Rubenchik
Charisse,Whimpenny
Farlie,Dufaire
Titus,Medendorp
Jone,Kinton
Nat,Garry
Chane,Cushe
Andreas,Mullinder
Henryetta,Alven
Morris,Attrill
Gabby,Oaten
Findlay,Kilfedder
Chiquita,Colecrough
Modesty,Ioannou
Ladonna,Poolman
Wilow,Snasdell
Felice,Worstall
Blair,Koopman
Hanna,Addington
Morgen,Scotcher
Sybyl,Scammell
Bidget,Yaknov
Howey,Celez
Janetta,Hedon
Addy,McIlherran
Obediah,Dineen
Pernell,Siemandl
Loella,Le Pruvost
Callie,Rennebeck
Hillier,Gimblet
Bourke,Stealy
Gayle,Galle
Bertrand,Semark
Yolande,Adney
Dougy,Sugar
Cahra,McQuillin
Mil,Grigoryov
Jan,Binns
Malvina,Fidele
Pasquale,Scholar
Teador,Reinbech
Willie,Redsall
Duke,Scarr
Mia,Fisbey
Papagena,Doel
Skipp,Pyrke
Siusan,Chatto
Guillema,Pennells
Barrie,Scamadin
Brendon,Levermore
Corri,Ricard
Archibaldo,Stopp
Avril,Hasley
Karine,Scriviner
Leonard,Dedden
Windham,Pude
Dacy,Dillimore
Eloisa,La Padula
Hilliary,Iddison
Chadwick,Bootland
Kingsly,Wadhams
Vassily,Durram
Sigvard,Farreil
Neila,Cazalet
Cullen,Arger
Justinn,Suttell
Claude,Filan
Falkner,Collard
Linus,Doge
Marilee,Allebone
Raleigh,Obington
Brose,Baraja
Joete,Alyokhin
Isa,Lansdown
Sybil,Caulcott
Vyky,Blanning
Starlin,Westover
Brice,Jagger
Agatha,Linley
Gardy,Schult
Taffy,Kirley
Lawton,Round
Demetris,Slater
Korney,Puddephatt
Fredrick,Tatford
Elmira,Sawfoot
Karlens,Garnall
Nevin,Cotton
Marti,Readhead
Allina,Yellowlees
Moses,Walrond
Teodoro,Pelerin
Carie,Denisyev
Oates,Kimbrough
Keith,Venable
Gunter,Cottie
Ulick,Pharoah
Elana,Glyssanne
Ottilie,Haysey
Rhetta,Shucksmith
Peter,Tait
Valeria,Wicks
Cori,Korous
Wendy,Shave
Gregory,Cassar
Hartwell,Kaasman
Stevy,De Bischof
Amber,Moules
Laverne,Andover
Claudell,Ends
Eberto,Delamere
Benedict,Gorrick
Glynda,Blundin
Frazer,Callinan
Tiffani,Eller
Justino,Yanin
Beverlee,Padginton
Carita,Karpman
Ame,Cheasman
Bartolomeo,Legh
Phillie,Bossons
Woodman,Padrick
Miranda,Pannaman
Cherilynn,Paye
Clim,Itzhayek
Roze,Rubinovitsch
Laina,Collington
Katie,Budnik
Balduin,Blumsom
Jared,Cleaveland
Knox,Densham
Farah,Copcutt
Spense,Meadows
Reggis,Stieger
Ashla,Lightwing
Timmy,Nyles
Buckie,Ygoe
Ward,Crockford
Annis,McNamee
Jon,Bamforth
Berke,Duigenan
Sella,Stockau
Sarajane,Staries
Katerina,Harmstone
Jehu,Scherer
Tucky,Lowndesbrough
Jacky,Wigglesworth
Anjela,Sinclaire
Jessy,Guitt
Fern,Lathwood
Sarena,Reeders
Tobye,Bachellier
Arlen,Caston
Olivia,Galiford
Pearline,St Clair
Carolann,Tellenbrok
Kerrie,Etoile
Neala,Gaylard
Orrin,Amdohr
Marne,Dine-Hart
Jessalyn,Wiper
Ingeberg,Brettor
Marylin,Eckly
Tally,Adcock
Floris,Hachette
Siouxie,Tickle
Devin,Beningfield
Shirl,Illing
Judith,Worters
Wenona,Collar
Elie,Antczak
Amandy,Hainsworth
Humphrey,Allcock
Ian,Jansky
Evangeline,Shepley
Sammie,Habron
Cherice,Gammidge
Garrik,Colls
Isis,Minillo
Terza,Marshfield
Kinna,Lavelle
Holden,Avramov
Betsey,McIlhone
Leyla,Doogue
Hugibert,Barton
Harp,Willmott
Olia,Pigney
Kalindi,Alldred
Chickie,Glandfield
Nara,Daughtry
Free,Jozwicki
Mart,Rough
Maryanna,Knewstub
Stephani,Lidbetter
Raynell,Filippov
Jaymee,Corbishley
Rasla,Skouling
Helenka,Crier
Erasmus,Jebb
Tamarra,Doak
Conni,Boundy
Cthrine,Howse
Mikael,Golton
Packston,Gwilt
Karoly,Killerby
Chadwick,Bursnell
Ivonne,Fishleigh
Hartley,Ashford
Corenda,Stittle
Boy,Wenn
Vasilis,Woodage
Mary,Clatworthy
Clarisse,Benaine
Adria,Peebles
Jaclyn,Callaby
Mattie,Ganley
Herbert,Spinetti
Cathlene,Fenne
Randene,Van Der Straaten
Melisent,Meachem
Cherise,Samsworth
Crichton,McEntagart
Cullin,Worgan
Ursola,Tremolieres
Skyler,Giffard
Shermy,Southby
Henryetta,Brettel
Mufinella,Druery
Shannon,Grigg
Selena,Katt
Templeton,Pomfret
Noe,Worstall
Corine,Quade
Ode,Burder
Sigismond,Louche
Delora,Ladewig
Roxy,Kadwallider
Belva,Easey
Miller,Landes
Robina,Chalke
Eadie,Densell
Billi,Pridden
Cleopatra,Poinsett
Godfrey,Taverner
Kenton,Georgeot
Sergent,Sanson
Reeva,Matuszinski
Munmro,McMains
Ari,Boulds
Dodi,Pinke
Jennine,Rainbow
Shaine,Austen
Farica,Bremmell
Davidde,Wearn
Mill,Geck
Simonette,Winser
Lance,Tofpik
Raoul,Swindells
Rubetta,Search
Terrill,Astridge
Alard,Arstall
Camel,Tampin
Leora,Volette
Ike,Broke
Galvan,Beggin
Gwen,Durkin
Laney,Fenlon
Samuel,De Ruggero
Marcia,Kubek
Ingemar,Isakovic
Drugi,Agneau
Rutger,Birkinshaw
Hyatt,Annear
Jose,Whyley
Verla,McRitchie
Hallie,Salery
Raff,Felstead
Rafaela,Demanche
Veradis,Dallemore
Mauricio,Brounsell
Lona,Fihelly
Dun,Runacres
Isis,Steere
Jazmin,Treend
Suzy,Kliner
Godfrey,Jullian
Chevalier,Yoell
Rickey,Brunsdon
Donica,Mylan
Katti,Vidineev
Devy,Fassam
Levon,Arnould
Sim,Vasiliu
Wenonah,Formigli
Gustavo,Ghidelli
Zacharie,Rosiello
Malena,Ardling
Clarita,Losbie
Madelene,Merigeau
Alfred,Sinnie
Rutledge,Sherrett
Rodie,De Dei
Laverne,Alabone
Elihu,Edmonson
Caryn,Pach
Salvidor,Doorbar
Roxana,Quernel
Jorgan,Toothill
Gabrila,Delgaty
Aldridge,Sego
Morgana,Frew
Ryan,Kermath
Jorge,Di Ruggero
Stanwood,Jovey
Calypso,Detloff
Craggie,Pinch
Kalil,Massel
Atlanta,Stimson
Quent,Pleven
Lynna,Cornhill
Jennette,Chidley
Arleta,de Mullett
Trista,Coombe
Victoir,Hickin
Wendeline,Foyster
Ashlin,Ruff
Ransell,Swepson
Katya,Longstaffe
Alleyn,Cud
Forester,Greave
Cesare,Bothams
Scarface,Sarsfield
Cherish,Alderman
Nester,Mateo
Ladonna,Torricina
Hillyer,Scourfield
Nathaniel,Branche
Lynnell,Wyne
Siobhan,Krahl
Leontine,Westcott
Molly,Siggin
Perri,Bachmann
Hazel,Staddom
Penrod,Pretsel
Stevie,Bogeys
Reeva,Pirnie
Gorden,Andreotti
Lita,Messum
Claudius,Taborre
Corrianne,Claricoates
Brigg,Tarte
Buddie,Knappen
Allx,Curnnok
Kermy,Larrat
Nettle,Burman
Fayth,Bushell
Elana,Kertess
Hasheem,Cawse
Lionel,Waddell
Cullie,Jeeves
Vilhelmina,Janousek
Doti,Faier
Merry,Vaneev
Papageno,Bonwick
Beck,Barlie
Arnoldo,Ferraron
Joelynn,Swiggs
Abigale,Casserly
Micheal,Seagrove
Duffy,Ducham
Mae,Labitt
Emmery,Cadlock
Hammad,Abelwhite
Dru,Gowrich
Caspar,Santostefano.
Orv,Bennington
Pearline,Haggas
Donnajean,Extil
Marita,De Maria
Carce,Collings
Bobina,Schops
Neal,Catterill
Welch,Lewinton
Malia,Colhoun
Marne,Vaughton
Calypso,Trasler
Aimee,Shearsby
Ynez,Delve
Bellina,McConachie
Ingram,Bresman
Sherwynd,Butchart
Arvy,Perot
Jo-ann,Blatchford
Horace,Coping
Jessamine,Sporton
Sammy,Tuminelli
Thadeus,Mably
Georgianne,Ivanyushkin
Beret,Halewood
Galvan,Jahner
Ruddy,Janeway
Xylina,Brownsell
Brody,Romaint
Lynn,O'Crotty
Alma,Hindmore
Carole,Grunnell
Butch,Langhor
Malissia,Sambeck
Fleming,Golborn
Laurianne,Hickinbottom
Lorelle,Coalburn
Jo,Keslake
Leesa,Anan
Rosemarie,Litchfield
Sunshine,Blanchette
Lola,Snelgar
Mallissa,Wyrall
Jayme,Blade
Ephrayim,Carragher
Kimbra,Drewry
Eimile,Stanlack
Errol,Warrack
Maurine,Agg
Theodora,Klewi
Hortensia,Valde
Royal,Esilmon
Rianon,Reek
Harper,Goatman
Obie,Wittrington
Winfred,Spurrett
Lynna,Morgue
Arline,Oughton
Yvor,Seville
Brandy,Bonar
Vin,Pavlovic
Catha,Giorgioni
Sanson,Arnfield
Iago,Rolfo
Merrilee,Vannet
Tova,Balbeck
Haleigh,Epsly
Andree,Arderne
Lek,Vautre
Katy,Nisco
Vitoria,Moss
Renard,Durban
Sigismundo,Marjanski
Abbie,Grigaut
Jenn,Brokenshaw
Rosie,Foord
Melissa,Gorce
Ciro,De Ruggiero
Avrom,Ambrogelli
Welsh,Hollerin
Ralina,Nesfield
Bette,Koppes
Rea,Boriston
Minne,Clatworthy
Anne-marie,Shill
Darelle,Streatfield
Germayne,Lomaz
Agnese,Forshaw
